Bear Creek Lake State Park,"22 Bear Creek Lake Rd, Cumberland, VA 23040"
Belle Isle State Park,"1632 Belle Isle Rd, Lancaster, VA 22503"
Breaks Interstate Park,"627 Commission Cir, Breaks, VA 24607"
Caledon Natural Area,"11617 Caledon Rd, King George, VA 22485"
Chippokes Plantation State Park,"695 Chippokes Park Rd, Surry, VA 23883"
Claytor Lake State Park,"6620 Ben H. Bolen Dr, Dublin, VA 24084"
Douthat State Park,"14239 Douthat State Park Rd, Millboro, VA 24460"
Fairy Stone State Park,"967 Fairystone Lake Dr, Stuart, VA 24171"
False Cape State Park,"4001 Sandpiper Road, Virginia Beach, VA 23456"
First Landing State Park,"2500 Shore Dr, Virginia Beach, VA 23451"
Grayson Highlands State Park,"Grayson Highland Ln, Mouth of Wilson, VA 24363"
High Bridge Trail State Park,"Farmville, VA 23901"
Holliday Lake State Park,"2759 State Park Rd, Appomattox, VA 24522"
Hungry Mother State Park,"2854 Park Blvd, Marion, VA 24354"
James River State Park,"104 Green Hill Dr, Gladstone, VA 24553"
Kiptopeke State Park,"3540 Kiptopeke Dr, Cape Charles, VA 23310"
Lake Anna State Park,"6800 Lawyers Rd, Spotsylvania Courthouse, VA 22551"
Leesylvania State Park,"2001 Daniel K Ludwig Dr, Woodbridge, VA 22191"
Mason Neck State Park,"7301 High Point Rd, Lorton, VA 22079"
Natural Bridge State Park,"6477 S Lee Hwy, Natural Bridge, VA 24578"
Natural Tunnel State Park,"1420 Natural Tunnel Pkwy, Duffield, VA 24244"
New River Trail State Park,New River Trail State Park
Occoneechee State Park,"1192 Occoneechee Park Rd, Clarksville, VA 23927"
Pocahontas State Park,"10301 State Park Rd, Chesterfield, VA 23832"
Powhatan State Park,"4616 Powhatan State Park Rd, Powhatan, VA 23139"
Sailor's Creek Battlefield State Park,"6541 Saylers Creek Road Rice, VA 23966"
Shenandoah River State Park,"350 Daughter of Stars Dr, Bentonville, VA 22610"
Shot Tower Historical State Park,"283 Pauley Flatwoods Rd, Austinville, VA 24312"
Sky Meadows State Park,"11012 Edmonds Ln, Delaplane, VA 20144"
Smith Mountain Lake State Park,"1235 Rd 888, Huddleston, VA 24104"
Southwest Virginia Museum Historical State Park,"10 W 1st St N, Big Stone Gap, VA 24219"
Staunton River State Park,"1170 Staunton Trail, Scottsburg, VA 24589"
Staunton River Battlefield State Park,"1035 Fort Hill Trail, Randolph, VA 23962"
Twin Lakes State Park,"788 Twin Lakes Rd, Green Bay, VA 23942"
Westmoreland State Park,"145 Cliff Rd, Montross, VA 22520"
Wilderness Road State Park,"8051 Wilderness Rd Trail, Ewing, VA 24248"
York River State Park,"9801 York River Park Rd, Williamsburg, VA 23188"
